<?xml version="1.0" encoding="UTF-8"?>

<!DOCTYPE beans PUBLIC "-//SPRING//DTD BEAN 2.0//EN" "http://www.springframework.org/dtd/spring-beans-2.0.dtd">

<beans>
	<!--<bean id="triangle" class="org.sameer.javabrains.Triangle" >
		<property name = "type" value= "Equilateral" />
		<constructor-arg type= "java.lang.String" value= "Equilateral" />
		<constructor-arg type= "int" value= "20" />
		<constructor-arg index= "0" value= "Equilateral" />
		<constructor-arg index= "1" value= "20" />
	</bean>-->
	<bean id="triangle" class="org.sameer.javabrains.Triangle">
	<property name="lst" >
	<list>
		<ref bean="Point0" />
		<ref bean="Point1" />
		<ref bean="Point2" />
	</list>
	
	</property>
	</bean>
	<!--<property name = "PointB" >
		<bean class="org.sameer.javabrains.Point" >
			<property name = "X" value= "-20" />
			<property name = "Y" value= "0" />
		</bean>
	</property>
	<property name = "PointC" >
		<bean class="org.sameer.javabrains.Point" >
			<property name = "X" value= "20" />
			<property name = "Y" value= "0" />
		</bean>
	</property>-->
	
	
	<bean id="Point0" class="org.sameer.javabrains.Point" >
	<property name = "X" value= "0" />
	<property name = "Y" value= "0" />
	</bean>
	
	<bean id="Point1" class="org.sameer.javabrains.Point" >
	<property name = "X" value= "-20" />
	<property name = "Y" value= "0" />
	</bean>
	
	<bean id="Point2" class="org.sameer.javabrains.Point" >
	<property name = "X" value= "20" />
	<property name = "Y" value= "0" />
	</bean>
	
	<alias name ="triangle" alias = "triangle-alias"/>
</beans>