<?xml version="1.0" encoding="UTF-8"?>

<!DOCTYPE beans PUBLIC "-//SPRING//DTD BEAN 2.0//EN" "http://www.springframework.org/dtd/spring-beans-2.0.dtd">

<beans default-init-method="myInit" default-destroy-method="myDestroy">

	<bean id="Parenttriangle1" class="org.sameer.javabrains.Triangle1">
		<!-- <property name= "PointA" ref ="Point0"/> -->
		<property name="lst">
		<list>
			<ref bean="Point0"/>
		</list>
		</property>
	</bean>

	<bean id="Child1triangle1" class="org.sameer.javabrains.Triangle1" parent="Parenttriangle1">
		<!-- <property name= "PointB" ref ="Point1"/>
		<property name= "PointC" ref ="Point2"/> -->
		<property name="lst">
		<list merge="true">
			<ref bean="Point1"/>
		</list>
		</property>
	</bean>
	
	<bean id="Child2triangle1" class="org.sameer.javabrains.Triangle1" parent="Parenttriangle1">
		<property name="lst">
		<list merge="true">
			<ref bean="Point2"/>
		</list>
		</property>
	</bean>

		<bean id="Point0" class="org.sameer.javabrains.Point" >
		<property name = "X" value= "0" />
		<property name = "Y" value= "0" />
		</bean>
		
		<bean id="Point1" class="org.sameer.javabrains.Point" >
		<property name = "X" value= "${Point1.PointX}" />
		<property name = "Y" value= "${Point1.PointY}" />
		</bean>
		
		<bean id="Point2" class="org.sameer.javabrains.Point" >
		<property name = "X" value= "20" />
		<property name = "Y" value= "0" />
		</bean>
		
		<!-- <bean class="org.sameer.javabrains.DisplayNameBeanPostProcessor" /> -->
		<bean class="org.sameer.javabrains.DisplayBeanFactoryPP" />
		<bean class ="org.springframework.beans.factory.config.PropertyPlaceholderConfigurer">
			<property name="location" value="DataContainer" />
		</bean>
</beans>