<?xml version="1.0" encoding="UTF-8"?>
<beans xmlns="http://www.springframework.org/schema/beans"
       xmlns:xsi="http://www.w3.org/2001/XMLSchema-instance"
       xmlns:context="http://www.springframework.org/schema/context"
       xsi:schemaLocation="http://www.springframework.org/schema/beans 
           http://www.springframework.org/schema/beans/spring-beans-3.0.xsd
           http://www.springframework.org/schema/context
           http://www.springframework.org/schema/context/spring-context-3.0.xsd">
           
	<bean id="triangle" class="org.sameerinterface.javabrains.Triangle">
		<property name= "PointA" ref="Point0" />
		<property name= "PointB" ref="Point1" />
		<property name= "PointC" ref="Point2" />
	</bean>
	
		<bean id="Point0" class="org.sameerinterface.javabrains.Point" >
			<property name = "X" value= "0" />
			<property name = "Y" value= "0" />
		</bean>	
		
		<bean id="Point1" class="org.sameerinterface.javabrains.Point" >
			<property name = "X" value= "20" />
			<property name = "Y" value= "0" />
		</bean>
		
		<bean id="Point2" class="org.sameerinterface.javabrains.Point" >
		    <qualifier value="ForCircle"/>
			<property name = "X" value= "-20" />
			<property name = "Y" value= "0" />
		</bean>
		
		<bean id = "messageSource" class= "org.springframework.context.support.ResourceBundleMessageSource">
		<property name= "basenames" >
		<list> <!-- list of property files -->
			<value>mymessages</value>
		</list>
		</property>
		</bean>
		
	<context:annotation-config/>
	<context:component-scan base-package="org.sameerinterface.javabrains">
	</context:component-scan>

</beans>