<?xml version="1.0" encoding="UTF-8"?>
<beans xmlns="http://www.springframework.org/schema/beans"
		xmlns:xsi="http://www.w3.org/2001/XMLSchema-instance"
		xmlns:aop="http://www.springframework.org/schema/aop"
		xmlns:context="http://www.springframework.org/schema/context"
		xsi:schemaLocation="http://www.springframework.org/schema/beans http://www.springframework.org/schema/beans/spring-beans-2.0.xsd
				http://www.springframework.org/schema/aop http://www.springframework.org/schema/aop/spring-aop-2.0.xsd
				http://www.springframework.org/schema/context http://www.springframework.org/schema/context/spring-context-2.5.xsd">

<aop:aspectj-autoproxy/>

<bean name="triangle" class="org.sameer.javabrains.model.Triangle" >
<property name="name" value="Triangle boi" />
</bean>

<bean name="circle" class="org.sameer.javabrains.model.Circle" >
<property name="name" value="Circle boi" />
</bean>

<bean name="shapeService" class="org.sameer.javabrains.service.ShapeService" autowire="byName">
</bean>

<bean name="loggingAspect" class="org.sameer.javabrains.aspect.LoggingAspect">
</bean>
<aop:config>
	<aop:aspect id= "LoggingAspect" ref="loggingAspect">
	<aop:pointcut id="allGetters" expression="execution(* get*(..))"/>
	<aop:around pointcut-ref="allGetters" method="aroundMethod"   />
	</aop:aspect>
</aop:config>

</beans>

